{
  "title": "Settings",
  "uri": "/mqtt_setting",
  "menu": true,
  "auth": "digest",
  "element": [{
      "name": "style",
      "type": "ACStyle",
      "value": "label+input,label+select{position:sticky;left:120px;width:230px!important;box-sizing:border-box;}"
    },
    {
      "name": "header1",
      "type": "ACText",
      "value": "<h2>System Settings</h2>",
      "style": "text-align:center;color:#2f4f4f;"
    },
    {
      "name": "caption",
      "type": "ACText",
      "value": "MQTT Settings",
      "style": "font-family:serif;color:#4682b4;"
    },
    {
      "name": "mqttserver",
      "type": "ACInput",
      "value": "mqtt.example.com",
      "placeholder": "MQTT broker server",
      "label": "MQTT Server"
    },
    {
      "name": "port",
      "type": "ACInput",
      "value": "1883",
      "label": "MQTT Port"
    },
    {
      "name": "gatewayID",
      "type": "ACInput",
      "value": "12345",
      "label": "Gateway ID"
    },
    {
      "name": "nodeID",
      "type": "ACInput",
      "value": "67890",
      "label": "Node ID"
    },
    {
      "name": "newline99",
      "type": "ACElement",
      "value": "<hr>"
    },
    {
      "name": "header5",
      "type": "ACText",
      "value": "<h4>Network Status</h4>",
      "style": "text-align:center;color:#2f4f4f;"
    },
    {
      "name": "network",
      "type": "ACText",
      "value": "4G",
      "style": "font-family:serif;color:#4682b4;"
    },
    {
      "name": "provider",
      "type": "ACText",
      "value": "Vodafone",
      "style": "font-family:serif;color:#4682b4;"
    },
    {
      "name": "signal",
      "type": "ACText",
      "value": "-80 dBm",
      "style": "font-family:serif;color:#4682b4;"
    },
    {
      "name": "refresh2",
      "type": "ACButton",
      "value": "Refresh",
      "action": "refreshP()",
      "posterior": "none"
    },
    {
      "name": "newline98",
      "type": "ACElement",
      "value": "<hr>"
    },
    {
      "name": "header6",
      "type": "ACText",
      "value": "<h4>Battery</h4>",
      "style": "text-align:center;color:#2f4f4f;"
    },
    {
      "name": "voltage",
      "type": "ACText",
      "value": "4.2V",
      "style": "font-family:serif;color:#4682b4;"
    },
    {
      "name": "capacity",
      "type": "ACText",
      "value": "80%",
      "style": "font-family:serif;color:#4682b4;"
    },
    {
      "name": "refresh1",
      "type": "ACButton",
      "value": "Refresh",
      "action": "refreshP()",
      "posterior": "none"
    },
    {
      "name": "js",
      "type": "ACElement",
      "value": "<script type='text/javascript'>function refreshP() {document.location.reload(true);}</script>"
    },
    {
      "name": "newline0",
      "type": "ACElement",
      "value": "<hr>"
    },
    {
      "name": "header2",
      "type": "ACText",
      "value": "<h4>System Settings</h4>",
      "style": "text-align:center;color:#2f4f4f;"
    },
    {
      "name": "ntpAdd",
      "type": "ACInput",
      "value": "id.pool.ntp.org",
      "label": "NTP Address"
    },
    {
      "name": "apn",
      "type": "ACInput",
      "value": "internet",
      "label": "APN"
    },
    {
      "name": "newline2",
      "type": "ACElement",
      "value": "<hr>"
    },
    {
      "name": "header3",
      "type": "ACText",
      "value": "<h4>Sensors Settings</h4>",
      "style": "text-align:center;color:#2f4f4f;"
    },

    {
      "name": "caption3",
      "type": "ACText",
      "value": "Sensor 1 Settings",
      "style": "font-family:serif;color:#4682b4;"
    },

    {
      "name": "period1",
      "type": "ACRadio",
      "label": "<h3>Sensor 1</h3>",
      "value": [
        "Enable",
        "Disable"
      ],
      "arrange": "vertical",
      "checked": 1
    },
    {
      "name": "nameS1",
      "type": "ACInput",
      "value": "S2",
      "label": "Name"
    },
    {
      "name": "mulS1",
      "type": "ACInput",
      "value": "1",
      "label": "Multiplier"
    },

    {
      "name": "caption4",
      "type": "ACText",
      "value": "Sensor 2 Settings",
      "style": "font-family:serif;color:#4682b4;"
    },
    {
      "name": "period2",
      "type": "ACRadio",
      "label": "<h3>Sensor 2</h3>",
      "value": [
        "Enable",
        "Disable"
      ],
      "arrange": "vertical",
      "checked": 1
    },
    {
      "name": "nameS2",
      "type": "ACInput",
      "value": "S2",
      "label": "Name"
    },
    {
      "name": "mulS2",
      "type": "ACInput",
      "value": "1",
      "label": "Multiplier"
    },

    {
      "name": "caption5",
      "type": "ACText",
      "value": "Sensor 3 Settings",
      "style": "font-family:serif;color:#4682b4;"
    },
    {
      "name": "period3",
      "type": "ACRadio",
      "label": "<h3>Sensor 3</h3>",
      "value": [
        "Enable",
        "Disable"
      ],
      "arrange": "vertical",
      "checked": 1
    },
    {
      "name": "nameS3",
      "type": "ACInput",
      "value": "S3",
      "label": "Name"
    },
    {
      "name": "mulS3",
      "type": "ACInput",
      "value": "1",
      "label": "Multiplier"
    },

    {
      "name": "caption6",
      "type": "ACText",
      "value": "Sensor 4 Settings",
      "style": "font-family:serif;color:#4682b4;"
    },
    {
      "name": "period4",
      "type": "ACRadio",
      "label": "<h3>Sensor 4</h3>",
      "value": [
        "Enable",
        "Disable"
      ],
      "arrange": "vertical",
      "checked": 1
    },
    {
      "name": "nameS4",
      "type": "ACInput",
      "value": "S4",
      "label": "Name"
    },
    {
      "name": "mulS4",
      "type": "ACInput",
      "value": "1",
      "label": "Multiplier"
    },
    {
      "name": "newline3",
      "type": "ACElement",
      "value": "<hr>"
    },



    {
      "name": "hostname",
      "type": "ACInput",
      "label": "ESP hostname(Device & AP Name)",
      "value": "SmartADC"
    },
    {
      "name": "apPass",
      "type": "ACInput",
      "label": "ESP AP Password",
      "value": "123456789AP"
    },
    {
      "name": "settingsPass",
      "type": "ACInput",
      "label": "Settings Page Password",
      "value": "admin"
    },
    {
      "name": "save",
      "type": "ACSubmit",
      "value": "Save&Start",
      "uri": "/mqtt_save"
    },
    {
      "name": "discard",
      "type": "ACSubmit",
      "value": "Discard",
      "uri": "/"
    }
  ]
}